{"train/update_s":0.3273215304268524,"train/steps":30000,"train/epochs":159.93336109954186,"train/dataloading_s":0.042370893717743455,"_timestamp":1.764968431502795e+09,"_step":30000,"train/loss":0.001800793339498341,"train/lr":2.5035372609900696e-06,"_wandb":{"runtime":11311},"_runtime":11311.069139468,"train/episodes":4798.000832986256,"train/grad_norm":0.06494163634255529,"train/samples":1920000}